"((13.415262505150487, 13.421392814563257, -0.006130309412769819), array([[1.54965, 1.00561],
       [1.48534, 1.00465],
       [1.59875, 1.00992],
       [1.54457, 1.00776],
       [1.66578, 1.00854]]))"
"((13.086698643549989, 13.0898345285497, -0.0031358849997111804), array([[1.54965, 1.00561],
       [1.5204 , 1.00668],
       [1.54457, 1.00776],
       [1.49867, 1.00593],
       [1.61503, 1.00604]]))"
"((12.90307447358505, 12.910671880001605, -0.007597406416554264), array([[1.61503, 1.00604],
       [1.54965, 1.00561],
       [1.61503, 1.01056],
       [1.49552, 1.00497],
       [1.60008, 1.00622]]))"
"((12.907853285853161, 12.910334754681061, -0.002481468827900457), array([[1.61503, 1.00604],
       [1.54965, 1.00561],
       [1.61506, 1.01054],
       [1.49552, 1.00497],
       [1.60008, 1.00622]]))"
"((13.306849051192554, 13.313405746813155, -0.006556695620600905), array([[1.61503, 1.00604],
       [1.51432, 1.00532],
       [1.61506, 1.01054],
       [1.53721, 1.00588],
       [1.58619, 1.00606]]))"
"((13.339597769730107, 13.345775347389955, -0.006177577659848055), array([[1.61503, 1.00604],
       [1.51432, 1.00532],
       [1.61506, 1.01054],
       [1.60414, 1.00668],
       [1.61727, 1.00636]]))"
"((13.452095531858312, 13.458304714383791, -0.0062091825254793065), array([[1.61503, 1.00604],
       [1.49552, 1.00497],
       [1.61503, 1.01056],
       [1.54457, 1.00776],
       [1.56949, 1.00633]]))"
"((13.457015894780913, 13.457958426002616, -0.0009425312217032911), array([[1.61503, 1.00604],
       [1.49552, 1.00497],
       [1.61506, 1.01054],
       [1.54457, 1.00776],
       [1.56949, 1.00633]]))"
"((13.680161352814318, 13.684586542055698, -0.004425189241379357), array([[1.61503, 1.00604],
       [1.50854, 1.00561],
       [1.5204 , 1.00668],
       [1.8365 , 1.01938],
       [1.60954, 1.00649]]))"
"((13.311585757765732, 13.317898521379362, -0.006312763613630423), array([[1.61503, 1.00604],
       [1.50854, 1.00561],
       [1.61503, 1.01056],
       [1.49552, 1.00497],
       [1.56101, 1.00594]]))"
"((13.316253092797783, 13.317570927195495, -0.0013178343977120477), array([[1.61503, 1.00604],
       [1.50854, 1.00561],
       [1.61506, 1.01054],
       [1.49552, 1.00497],
       [1.56101, 1.00594]]))"
"((12.99362886327814, 12.986788318677725, 0.006840544600414944), array([[1.61503, 1.00604],
       [1.49867, 1.00593],
       [1.61503, 1.01056],
       [1.5443 , 1.00661],
       [1.57631, 1.00683]]))"
"((13.346337928371671, 13.35486595706603, -0.00852802869435898), array([[1.61503, 1.00604],
       [1.49867, 1.00593],
       [1.61503, 1.01056],
       [1.60954, 1.00649],
       [1.60414, 1.00668]]))"
"((13.35164547651887, 13.35449080495518, -0.002845328436309913), array([[1.61503, 1.00604],
       [1.49867, 1.00593],
       [1.61506, 1.01054],
       [1.60954, 1.00649],
       [1.60414, 1.00668]]))"
"((13.61936963079146, 13.61062913852095, 0.008740492270510103), array([[1.61503, 1.00604],
       [1.51982, 1.00578],
       [1.61503, 1.01056],
       [1.49552, 1.00497],
       [1.56949, 1.00633]]))"
"((12.989325257110274, 12.980608243809712, 0.008717013300561405), array([[1.61503, 1.00604],
       [1.50592, 1.00552],
       [1.61503, 1.01056],
       [1.54965, 1.00561],
       [1.58619, 1.00606]]))"
"((13.269926475111896, 13.268782000118932, 0.0011444749929641063), array([[1.61503, 1.00604],
       [1.50592, 1.00552],
       [1.61503, 1.01056],
       [1.60414, 1.00668],
       [1.60954, 1.00649]]))"
"((13.420602942019848, 13.425164503354363, -0.004561561334515574), array([[1.61503, 1.00604],
       [1.50592, 1.00552],
       [1.61503, 1.01056],
       [1.58619, 1.00606],
       [1.60008, 1.00622]]))"
"((13.275229953388376, 13.268407757035078, 0.006822196353297727), array([[1.61503, 1.00604],
       [1.50592, 1.00552],
       [1.61506, 1.01054],
       [1.60414, 1.00668],
       [1.60954, 1.00649]]))"
"((13.4258977388026, 13.42479134622862, 0.0011063925739804858), array([[1.61503, 1.00604],
       [1.50592, 1.00552],
       [1.61506, 1.01054],
       [1.58619, 1.00606],
       [1.60008, 1.00622]]))"
"((13.516797132310078, 13.520017122671385, -0.003219990361307268), array([[1.61503, 1.00604],
       [1.56949, 1.00633],
       [1.57723, 1.00902],
       [1.59875, 1.00992],
       [1.61727, 1.00636]]))"
"((13.212378146952164, 13.214655723972522, -0.0022775770203580237), array([[1.61503, 1.00604],
       [1.56949, 1.00633],
       [1.59875, 1.00992],
       [1.5443 , 1.00661],
       [1.61727, 1.00636]]))"
"((13.663628258832198, 13.656464848779526, 0.007163410052671182), array([[1.61503, 1.00604],
       [1.56575, 1.00649],
       [1.59875, 1.00992],
       [1.51982, 1.00578],
       [1.60008, 1.00622]]))"
"((13.015191036760982, 13.024452340345103, -0.009261303584121805), array([[1.61503, 1.00604],
       [1.60157, 1.00865],
       [1.61506, 1.01054],
       [1.56101, 1.00594],
       [1.66578, 1.00854]]))"
"((13.581642882140194, 13.57259652558407, 0.009046356556124735), array([[1.61503, 1.00604],
       [1.64792, 1.00881],
       [1.61503, 1.01056],
       [1.50854, 1.00561],
       [1.66578, 1.00854]]))"
"((12.993517301131106, 12.987901224363721, 0.005616076767385181), array([[1.61503, 1.00604],
       [1.5443 , 1.00661],
       [1.61503, 1.01056],
       [1.64792, 1.00881],
       [1.66578, 1.00854]]))"
"((13.680107870405664, 13.676389068720717, 0.003718801684946982), array([[1.61503, 1.00604],
       [1.56101, 1.00594],
       [1.57723, 1.00902],
       [1.61503, 1.01056],
       [1.61727, 1.00636]]))"
"((13.682418556878673, 13.676232707449026, 0.00618584942964695), array([[1.61503, 1.00604],
       [1.56101, 1.00594],
       [1.57723, 1.00902],
       [1.61506, 1.01054],
       [1.61727, 1.00636]]))"
"((13.398305826601977, 13.393761375016146, 0.004544451585831055), array([[1.61503, 1.00604],
       [1.56101, 1.00594],
       [1.61503, 1.01056],
       [1.45446, 1.00345],
       [1.58619, 1.00606]]))"
"((13.584608753271619, 13.576331778687743, 0.00827697458387533), array([[1.61503, 1.00604],
       [1.56101, 1.00594],
       [1.61503, 1.01056],
       [1.49552, 1.00497],
       [1.60414, 1.00668]]))"
"((13.403298002005126, 13.393410693024219, 0.009887308980907505), array([[1.61503, 1.00604],
       [1.56101, 1.00594],
       [1.61506, 1.01054],
       [1.45446, 1.00345],
       [1.58619, 1.00606]]))"
"((13.527880549830876, 13.522992412500301, 0.004888137330574693), array([[1.61503, 1.00604],
       [1.5204 , 1.00668],
       [1.51432, 1.00532],
       [1.8365 , 1.01938],
       [1.61727, 1.00636]]))"
"((12.948192747759023, 12.943143772187529, 0.005048975571494196), array([[1.61503, 1.00604],
       [1.5204 , 1.00668],
       [1.49867, 1.00593],
       [1.8365 , 1.01938],
       [1.60414, 1.00668]]))"
"((13.099682833842998, 13.098206566132841, 0.0014762677101565203), array([[1.61503, 1.00604],
       [1.5204 , 1.00668],
       [1.59875, 1.00992],
       [1.48534, 1.00465],
       [1.54965, 1.00561]]))"
"((13.373525867316236, 13.365794838661808, 0.007731028654427874), array([[1.61503, 1.00604],
       [1.5204 , 1.00668],
       [1.59875, 1.00992],
       [1.51432, 1.00532],
       [1.56101, 1.00594]]))"
"((12.95039486907941, 12.9517387407742, -0.0013438716947895557), array([[1.61503, 1.00604],
       [1.5204 , 1.00668],
       [1.59875, 1.00992],
       [1.56101, 1.00594],
       [1.58619, 1.00606]]))"
"((13.657294363913158, 13.658850995078074, -0.0015566311649166664), array([[1.61503, 1.00604],
       [1.54457, 1.00776],
       [1.53721, 1.00588],
       [1.8365 , 1.01938],
       [1.66578, 1.00854]]))"
"((13.477837007249171, 13.481847993430916, -0.004010986181745224), array([[1.61503, 1.00604],
       [1.54457, 1.00776],
       [1.57723, 1.00902],
       [1.49867, 1.00593],
       [1.54965, 1.00561]]))"
"((13.341051166969898, 13.340234805811072, 0.0008163611588258846), array([[1.61503, 1.00604],
       [1.54457, 1.00776],
       [1.57723, 1.00902],
       [1.5204 , 1.00668],
       [1.56101, 1.00594]]))"
"((13.178435224990322, 13.178498007387232, -6.278239690971077e-05), array([[1.61503, 1.00604],
       [1.57723, 1.00902],
       [1.60157, 1.00865],
       [1.50854, 1.00561],
       [1.60954, 1.00649]]))"
"((13.299176829061288, 13.293988249193621, 0.005188579867667187), array([[1.61503, 1.00604],
       [1.57723, 1.00902],
       [1.60157, 1.00865],
       [1.49867, 1.00593],
       [1.60414, 1.00668]]))"
"((13.151323860975493, 13.150456210275198, 0.0008676507002949307), array([[1.61503, 1.00604],
       [1.61503, 1.01056],
       [1.60157, 1.00865],
       [1.45446, 1.00345],
       [1.60954, 1.00649]]))"
"((13.306046577631808, 13.304460327640923, 0.0015862499908845251), array([[1.61503, 1.00604],
       [1.61503, 1.01056],
       [1.5443 , 1.00661],
       [1.59875, 1.00992],
       [1.61727, 1.00636]]))"
"((13.154214987097346, 13.150261835155257, 0.00395315194208834), array([[1.61503, 1.00604],
       [1.61506, 1.01054],
       [1.60157, 1.00865],
       [1.45446, 1.00345],
       [1.60954, 1.00649]]))"
"((13.309302458393812, 13.304240609339097, 0.00506184905471585), array([[1.61503, 1.00604],
       [1.61506, 1.01054],
       [1.5443 , 1.00661],
       [1.59875, 1.00992],
       [1.61727, 1.00636]]))"
"((13.38110912285356, 13.371333292670236, 0.009775830183324175), array([[1.61503, 1.00604],
       [1.84255, 1.01434],
       [1.51432, 1.00532],
       [1.45446, 1.00345],
       [1.66578, 1.00854]]))"
"((13.389262534292282, 13.38666385019843, 0.0025986840938525546), array([[1.61503, 1.00604],
       [1.79609, 1.01763],
       [1.45446, 1.00345],
       [1.49552, 1.00497],
       [1.60473, 1.00814]]))"
"((13.134525370651172, 13.132362864946115, 0.0021625057050567165), array([[1.51982, 1.00578],
       [1.49867, 1.00593],
       [1.61503, 1.01056],
       [1.79608, 1.01768],
       [1.84255, 1.01434]]))"
"((13.498750915616867, 13.494757307495563, 0.003993608121303893), array([[1.56949, 1.00633],
       [1.45446, 1.00345],
       [1.61503, 1.01056],
       [1.5204 , 1.00668],
       [1.61727, 1.00636]]))"
"((13.504291884158256, 13.494366406334848, 0.009925477823408357), array([[1.56949, 1.00633],
       [1.45446, 1.00345],
       [1.61506, 1.01054],
       [1.5204 , 1.00668],
       [1.61727, 1.00636]]))"
"((13.31415814828933, 13.306533327619007, 0.007624820670322663), array([[1.56949, 1.00633],
       [1.5204 , 1.00668],
       [1.61503, 1.01056],
       [1.51982, 1.00578],
       [1.66578, 1.00854]]))"
"((12.921096046055107, 12.928672470475089, -0.007576424419982075), array([[1.53721, 1.00588],
       [1.8365 , 1.01938],
       [1.5443 , 1.00661],
       [1.50592, 1.00552],
       [1.79609, 1.01763]]))"
"((13.468029955117293, 13.47639118691707, -0.008361231799776547), array([[1.66578, 1.00854],
       [1.45446, 1.00345],
       [1.79608, 1.01768],
       [1.50854, 1.00561],
       [1.61503, 1.01056]]))"
"((13.30606602157113, 13.298691463871204, 0.007374557699925788), array([[1.66578, 1.00854],
       [1.45446, 1.00345],
       [1.79608, 1.01768],
       [1.50592, 1.00552],
       [1.61503, 1.01056]]))"
"((13.30197993827858, 13.29897396481775, 0.0030059734608300914), array([[1.66578, 1.00854],
       [1.45446, 1.00345],
       [1.79608, 1.01768],
       [1.50592, 1.00552],
       [1.61506, 1.01054]]))"
"((13.639387364120159, 13.647952203419518, -0.008564839299358695), array([[1.5443 , 1.00661],
       [1.79608, 1.01768],
       [1.51982, 1.00578],
       [1.60954, 1.00649],
       [1.79436, 1.01276]]))"
"((13.323796730640405, 13.32306297242555, 0.0007337582148547739), array([[1.60414, 1.00668],
       [1.53721, 1.00588],
       [1.61503, 1.01056],
       [1.50854, 1.00561],
       [1.61503, 1.00604]]))"
"((13.329145034346569, 13.322686007780016, 0.00645902656655295), array([[1.60414, 1.00668],
       [1.53721, 1.00588],
       [1.61506, 1.01054],
       [1.50854, 1.00561],
       [1.61503, 1.00604]]))"
"((13.402494371305833, 13.410274514333695, -0.007780143027861897), array([[1.60414, 1.00668],
       [1.60157, 1.00865],
       [1.59875, 1.00992],
       [1.45446, 1.00345],
       [1.61503, 1.00604]]))"
"((12.97391332830798, 12.982775577148265, -0.008862248840285858), array([[1.60414, 1.00668],
       [1.60473, 1.00814],
       [1.61503, 1.01056],
       [1.79608, 1.01768],
       [1.79436, 1.01276]]))"
"((12.975429510943178, 12.969086025229712, 0.006343485713465213), array([[1.60414, 1.00668],
       [1.60473, 1.00814],
       [1.61503, 1.01056],
       [1.79609, 1.01763],
       [1.79436, 1.01276]]))"
"((12.983948632252222, 12.98199377180874, 0.0019548604434813655), array([[1.60414, 1.00668],
       [1.60473, 1.00814],
       [1.61506, 1.01054],
       [1.79608, 1.01768],
       [1.79436, 1.01276]]))"
"((13.677763779336951, 13.684699858446441, -0.006936079109490123), array([[1.60414, 1.00668],
       [1.57631, 1.00683],
       [1.61506, 1.01054],
       [1.45446, 1.00345],
       [1.61503, 1.00604]]))"
"((13.597104171340796, 13.597797764445387, -0.0006935931045912724), array([[1.60414, 1.00668],
       [1.5443 , 1.00661],
       [1.59875, 1.00992],
       [1.54457, 1.00776],
       [1.61727, 1.00636]]))"
"((12.949197421074096, 12.956278877362974, -0.00708145628887813), array([[1.60414, 1.00668],
       [1.5204 , 1.00668],
       [1.61503, 1.01056],
       [1.51982, 1.00578],
       [1.60954, 1.00649]]))"
"((13.283054550127176, 13.274740101580266, 0.008314448546910214), array([[1.60414, 1.00668],
       [1.5204 , 1.00668],
       [1.59875, 1.00992],
       [1.54457, 1.00776],
       [1.60008, 1.00622]]))"
"((12.9541490082061, 12.95592886164052, -0.001779853434420886), array([[1.60414, 1.00668],
       [1.5204 , 1.00668],
       [1.61506, 1.01054],
       [1.51982, 1.00578],
       [1.60954, 1.00649]]))"
"((12.96730228750313, 12.975514416520431, -0.008212129017300285), array([[1.60414, 1.00668],
       [1.54457, 1.00776],
       [1.61503, 1.01056],
       [1.60157, 1.00865],
       [1.66578, 1.00854]]))"
"((13.47785475195123, 13.48258893556922, -0.004734183617989274), array([[1.60414, 1.00668],
       [1.54457, 1.00776],
       [1.59875, 1.00992],
       [1.50592, 1.00552],
       [1.60008, 1.00622]]))"
"((12.973204079683182, 12.975089513529467, -0.001885433846284812), array([[1.60414, 1.00668],
       [1.54457, 1.00776],
       [1.61506, 1.01054],
       [1.60157, 1.00865],
       [1.66578, 1.00854]]))"
"((13.545566007190518, 13.539464274892254, 0.00610173229826394), array([[1.60414, 1.00668],
       [1.59875, 1.00992],
       [1.54457, 1.00776],
       [1.57723, 1.00902],
       [1.61503, 1.00604]]))"
"((13.547221464678977, 13.554814162380325, -0.007592697701348072), array([[1.60414, 1.00668],
       [1.79608, 1.01768],
       [1.45446, 1.00345],
       [1.58619, 1.00606],
       [1.66578, 1.00854]]))"
"((13.54880260318276, 13.53979928233594, 0.009003320846820984), array([[1.60414, 1.00668],
       [1.79609, 1.01763],
       [1.45446, 1.00345],
       [1.58619, 1.00606],
       [1.66578, 1.00854]]))"
"((13.532097148143034, 13.535604060416663, -0.0035069122736288705), array([[1.60414, 1.00668],
       [1.79609, 1.01763],
       [1.64792, 1.00881],
       [1.5204 , 1.00668],
       [1.79436, 1.01276]]))"
"((13.221731399484625, 13.214058137268509, 0.0076732622161159725), array([[1.60954, 1.00649],
       [1.49552, 1.00497],
       [1.61503, 1.01056],
       [1.57723, 1.00902],
       [1.60008, 1.00622]]))"
"((13.611015526976571, 13.607295670040527, 0.0037198569360441525), array([[1.60954, 1.00649],
       [1.49867, 1.00593],
       [1.61503, 1.01056],
       [1.57631, 1.00683],
       [1.60008, 1.00622]]))"
"((13.330865683906504, 13.339069080923846, -0.00820339701734163), array([[1.60954, 1.00649],
       [1.49867, 1.00593],
       [1.61503, 1.01056],
       [1.60414, 1.00668],
       [1.61503, 1.00604]]))"
"((13.616465823816318, 13.606911989640077, 0.009553834176241338), array([[1.60954, 1.00649],
       [1.49867, 1.00593],
       [1.61506, 1.01054],
       [1.57631, 1.00683],
       [1.60008, 1.00622]]))"
"((13.450760784405325, 13.457349214010927, -0.006588429605601576), array([[1.60954, 1.00649],
       [1.49867, 1.00593],
       [1.61506, 1.01054],
       [1.5443 , 1.00661],
       [1.58619, 1.00606]]))"
"((13.336295607986301, 13.338685833149736, -0.0023902251634346783), array([[1.60954, 1.00649],
       [1.49867, 1.00593],
       [1.61506, 1.01054],
       [1.60414, 1.00668],
       [1.61503, 1.00604]]))"
"((13.29458463775948, 13.296347292445887, -0.001762654686407572), array([[1.60954, 1.00649],
       [1.53721, 1.00588],
       [1.61503, 1.01056],
       [1.49867, 1.00593],
       [1.60008, 1.00622]]))"
"((13.299693975388463, 13.295987216344239, 0.0037067590442241283), array([[1.60954, 1.00649],
       [1.53721, 1.00588],
       [1.61506, 1.01054],
       [1.49867, 1.00593],
       [1.60008, 1.00622]]))"
"((13.294004410893459, 13.28598663639144, 0.008017774502018682), array([[1.60954, 1.00649],
       [1.60157, 1.00865],
       [1.57723, 1.00902],
       [1.5204 , 1.00668],
       [1.61503, 1.00604]]))"
"((13.202711428286452, 13.212262448765081, -0.009551020478628658), array([[1.60954, 1.00649],
       [1.5443 , 1.00661],
       [1.61506, 1.01054],
       [1.48534, 1.00465],
       [1.60008, 1.00622]]))"
"((13.533524805985872, 13.536338904809906, -0.0028140988240341613), array([[1.60954, 1.00649],
       [1.56101, 1.00594],
       [1.61503, 1.01056],
       [1.49552, 1.00497],
       [1.61503, 1.00604]]))"
"((13.539056421065752, 13.535948813362621, 0.003107607703130455), array([[1.60954, 1.00649],
       [1.56101, 1.00594],
       [1.61506, 1.01054],
       [1.49552, 1.00497],
       [1.61503, 1.00604]]))"
"((13.521858793887825, 13.515240063032815, 0.006618730855009858), array([[1.60954, 1.00649],
       [1.5204 , 1.00668],
       [1.49867, 1.00593],
       [1.8365 , 1.01938],
       [1.61503, 1.00604]]))"
"((13.284329034170835, 13.281760046759999, 0.002568987410835888), array([[1.60954, 1.00649],
       [1.5204 , 1.00668],
       [1.61503, 1.01056],
       [1.53721, 1.00588],
       [1.60414, 1.00668]]))"
"((13.197916116507878, 13.201263994432068, -0.0033478779241900014), array([[1.60954, 1.00649],
       [1.5204 , 1.00668],
       [1.59875, 1.00992],
       [1.60473, 1.00814],
       [1.61727, 1.00636]]))"
"((13.28951040550569, 13.281394366434704, 0.008116039070985792), array([[1.60954, 1.00649],
       [1.5204 , 1.00668],
       [1.61506, 1.01054],
       [1.53721, 1.00588],
       [1.60414, 1.00668]]))"
"((13.243025226435535, 13.245098234212351, -0.0020730077768167376), array([[1.60954, 1.00649],
       [1.54457, 1.00776],
       [1.59875, 1.00992],
       [1.49552, 1.00497],
       [1.58619, 1.00606]]))"
"((13.198131962635017, 13.196818990597642, 0.0013129720373754594), array([[1.60954, 1.00649],
       [1.57723, 1.00902],
       [1.60157, 1.00865],
       [1.49867, 1.00593],
       [1.61503, 1.00604]]))"
"((13.503312829990417, 13.508982916270787, -0.0056700862803698016), array([[1.60954, 1.00649],
       [1.79609, 1.01763],
       [1.45446, 1.00345],
       [1.60414, 1.00668],
       [1.66578, 1.00854]]))"
"((13.067462964313057, 13.073284474438637, -0.005821510125580076), array([[1.58619, 1.00606],
       [1.51432, 1.00532],
       [1.59875, 1.00992],
       [1.49867, 1.00593],
       [1.60954, 1.00649]]))"
"((13.179000421352287, 13.173742517742335, 0.0052579036099515974), array([[1.58619, 1.00606],
       [1.49552, 1.00497],
       [1.57723, 1.00902],
       [1.59875, 1.00992],
       [1.61727, 1.00636]]))"
"((13.5198770440555, 13.514070247558823, 0.00580679649667637), array([[1.58619, 1.00606],
       [1.50854, 1.00561],
       [1.59875, 1.00992],
       [1.51432, 1.00532],
       [1.60954, 1.00649]]))"
"((13.223341691693815, 13.231389655531878, -0.008047963838063055), array([[1.58619, 1.00606],
       [1.50854, 1.00561],
       [1.59875, 1.00992],
       [1.49867, 1.00593],
       [1.60414, 1.00668]]))"
"((12.923285155640784, 12.920884039189948, 0.0024011164508355165), array([[1.58619, 1.00606],
       [1.50854, 1.00561],
       [1.59875, 1.00992],
       [1.50592, 1.00552],
       [1.60954, 1.00649]]))"
"((13.467042219266093, 13.472505305851863, -0.005463086585770327), array([[1.58619, 1.00606],
       [1.51982, 1.00578],
       [1.59875, 1.00992],
       [1.49552, 1.00497],
       [1.60954, 1.00649]]))"
"((13.307930501476301, 13.31045946374589, -0.0025289622695883196), array([[1.58619, 1.00606],
       [1.50592, 1.00552],
       [1.59875, 1.00992],
       [1.49552, 1.00497],
       [1.60008, 1.00622]]))"
"((13.534933881537551, 13.537765002095565, -0.002831120558013822), array([[1.58619, 1.00606],
       [1.5443 , 1.00661],
       [1.57723, 1.00902],
       [1.51982, 1.00578],
       [1.61503, 1.00604]]))"
"((13.11249009398352, 13.111733806341597, 0.000756287641923592), array([[1.58619, 1.00606],
       [1.5443 , 1.00661],
       [1.59875, 1.00992],
       [1.45446, 1.00345],
       [1.60954, 1.00649]]))"
"((13.523777102342823, 13.527794214689077, -0.004017112346254237), array([[1.58619, 1.00606],
       [1.5204 , 1.00668],
       [1.59875, 1.00992],
       [1.57723, 1.00902],
       [1.64792, 1.00881]]))"
"((13.275328231059824, 13.277934319296822, -0.0026060882369982608), array([[1.58619, 1.00606],
       [1.61503, 1.01056],
       [1.54457, 1.00776],
       [1.49552, 1.00497],
       [1.61727, 1.00636]]))"
"((13.592440886242514, 13.601061020001776, -0.008620133759261961), array([[1.58619, 1.00606],
       [1.59875, 1.00992],
       [1.54457, 1.00776],
       [1.51982, 1.00578],
       [1.61727, 1.00636]]))"
"((13.27823745125857, 13.277736716236578, 0.0005007350219923268), array([[1.58619, 1.00606],
       [1.61506, 1.01054],
       [1.54457, 1.00776],
       [1.49552, 1.00497],
       [1.61727, 1.00636]]))"
"((13.256635786258409, 13.263473155979622, -0.006837369721212738), array([[1.58619, 1.00606],
       [1.79608, 1.01768],
       [1.66578, 1.00854],
       [1.54457, 1.00776],
       [1.84255, 1.01434]]))"
"((13.655125129647217, 13.646690286638476, 0.00843484300874131), array([[1.56101, 1.00594],
       [1.8365 , 1.01938],
       [1.50854, 1.00561],
       [1.60414, 1.00668],
       [1.79609, 1.01763]]))"
"((13.10624406285047, 13.112558101966314, -0.006314039115844494), array([[1.60008, 1.00622],
       [1.48534, 1.00465],
       [1.61503, 1.01056],
       [1.5204 , 1.00668],
       [1.58619, 1.00606]]))"
"((13.111038592141014, 13.11222059129992, -0.001181999158905711), array([[1.60008, 1.00622],
       [1.48534, 1.00465],
       [1.61506, 1.01054],
       [1.5204 , 1.00668],
       [1.58619, 1.00606]]))"
"((13.62737331177585, 13.622860724242086, 0.004512587533763934), array([[1.60008, 1.00622],
       [1.54965, 1.00561],
       [1.59875, 1.00992],
       [1.5204 , 1.00668],
       [1.61727, 1.00636]]))"
"((13.490207745398395, 13.496125604583577, -0.00591785918518184), array([[1.60008, 1.00622],
       [1.49552, 1.00497],
       [1.61503, 1.01056],
       [1.50592, 1.00552],
       [1.58619, 1.00606]]))"
"((13.28885179435237, 13.284579038121768, 0.004272756230601971), array([[1.60008, 1.00622],
       [1.49552, 1.00497],
       [1.61503, 1.01056],
       [1.56949, 1.00633],
       [1.61727, 1.00636]]))"
"((13.029036930376794, 13.034600692347182, -0.0055637619703876595), array([[1.60008, 1.00622],
       [1.49552, 1.00497],
       [1.61503, 1.01056],
       [1.56575, 1.00649],
       [1.61727, 1.00636]]))"
"((13.025117012405937, 13.035087981470928, -0.009970969064990953), array([[1.60008, 1.00622],
       [1.49552, 1.00497],
       [1.59875, 1.00992],
       [1.60157, 1.00865],
       [1.61503, 1.00604]]))"
"((13.49530895887908, 13.49576666459448, -0.0004577057153998254), array([[1.60008, 1.00622],
       [1.49552, 1.00497],
       [1.61506, 1.01054],
       [1.50592, 1.00552],
       [1.58619, 1.00606]]))"
"((13.034192560827465, 13.034236326378574, -4.3765551108521095e-05), array([[1.60008, 1.00622],
       [1.49552, 1.00497],
       [1.61506, 1.01054],
       [1.56575, 1.00649],
       [1.61727, 1.00636]]))"
"((13.241561871748667, 13.2505183361445, -0.008956464395833308), array([[1.60008, 1.00622],
       [1.51982, 1.00578],
       [1.57723, 1.00902],
       [1.61506, 1.01054],
       [1.61727, 1.00636]]))"
"((13.186990073690286, 13.194001385517515, -0.00701131182722925), array([[1.60008, 1.00622],
       [1.51982, 1.00578],
       [1.61503, 1.01056],
       [1.49552, 1.00497],
       [1.60414, 1.00668]]))"
"((13.03777704967095, 13.043745497129692, -0.005968447458741366), array([[1.60008, 1.00622],
       [1.51982, 1.00578],
       [1.61506, 1.01054],
       [1.45446, 1.00345],
       [1.58619, 1.00606]]))"
"((13.192057948046957, 13.193643120975851, -0.001585172928894707), array([[1.60008, 1.00622],
       [1.51982, 1.00578],
       [1.61506, 1.01054],
       [1.49552, 1.00497],
       [1.60414, 1.00668]]))"
"((13.16402055973721, 13.17228769084624, -0.008267131109029435), array([[1.60008, 1.00622],
       [1.50592, 1.00552],
       [1.61503, 1.01056],
       [1.51982, 1.00578],
       [1.60414, 1.00668]]))"
"((13.169083736490125, 13.171929689503655, -0.002845953013530078), array([[1.60008, 1.00622],
       [1.50592, 1.00552],
       [1.61506, 1.01054],
       [1.51982, 1.00578],
       [1.60414, 1.00668]]))"
"((13.543398971126889, 13.54694821061153, -0.0035492394846414754), array([[1.60008, 1.00622],
       [1.56949, 1.00633],
       [1.59875, 1.00992],
       [1.48534, 1.00465],
       [1.61503, 1.00604]]))"
"((13.229186735482806, 13.238530325777962, -0.00934359029515619), array([[1.60008, 1.00622],
       [1.60157, 1.00865],
       [1.57723, 1.00902],
       [1.48534, 1.00465],
       [1.61503, 1.00604]]))"
"((13.472286921502837, 13.4777050847729, -0.005418163270062948), array([[1.60008, 1.00622],
       [1.5443 , 1.00661],
       [1.59875, 1.00992],
       [1.49867, 1.00593],
       [1.60414, 1.00668]]))"
"((13.163142582057397, 13.157690126413906, 0.00545245564349095), array([[1.60008, 1.00622],
       [1.5443 , 1.00661],
       [1.59875, 1.00992],
       [1.50592, 1.00552],
       [1.60954, 1.00649]]))"
"((13.462348579530394, 13.453255622057807, 0.009092957472587315), array([[1.60008, 1.00622],
       [1.5204 , 1.00668],
       [1.59875, 1.00992],
       [1.54965, 1.00561],
       [1.60954, 1.00649]]))"
"((13.016763207824464, 13.019541849227373, -0.0027786414029087325), array([[1.60008, 1.00622],
       [1.54457, 1.00776],
       [1.5204 , 1.00668],
       [1.79608, 1.01768],
       [1.66578, 1.00854]]))"
"((13.01758720080884, 13.012682697133632, 0.004904503675208005), array([[1.60008, 1.00622],
       [1.54457, 1.00776],
       [1.5204 , 1.00668],
       [1.79609, 1.01763],
       [1.66578, 1.00854]]))"
"((13.504153064170902, 13.51114045666648, -0.006987392495577893), array([[1.60008, 1.00622],
       [1.54457, 1.00776],
       [1.57723, 1.00902],
       [1.57631, 1.00683],
       [1.61727, 1.00636]]))"
"((13.508581404876384, 13.504334175518496, 0.004247229357888571), array([[1.60008, 1.00622],
       [1.61503, 1.01056],
       [1.54457, 1.00776],
       [1.5443 , 1.00661],
       [1.61727, 1.00636]]))"
"((13.605755543541834, 13.604611379874797, 0.0011441636670372901), array([[1.60008, 1.00622],
       [1.59875, 1.00992],
       [1.57723, 1.00902],
       [1.60157, 1.00865],
       [1.66578, 1.00854]]))"
"((13.511755901037628, 13.504119467672604, 0.0076364333650236205), array([[1.60008, 1.00622],
       [1.61506, 1.01054],
       [1.54457, 1.00776],
       [1.5443 , 1.00661],
       [1.61727, 1.00636]]))"
"((12.932675405303812, 12.935864143110242, -0.003188737806430808), array([[1.61727, 1.00636],
       [1.51432, 1.00532],
       [1.61503, 1.01056],
       [1.60473, 1.00814],
       [1.61503, 1.00604]]))"
"((12.937755365560136, 12.935505659248356, 0.0022497063117796756), array([[1.61727, 1.00636],
       [1.51432, 1.00532],
       [1.61506, 1.01054],
       [1.60473, 1.00814],
       [1.61503, 1.00604]]))"
"((13.14964040612792, 13.1409283050977, 0.008712101030219799), array([[1.61727, 1.00636],
       [1.49867, 1.00593],
       [1.61503, 1.01056],
       [1.54457, 1.00776],
       [1.56949, 1.00633]]))"
"((13.265041183199891, 13.274997262022152, -0.00995607882226146), array([[1.61727, 1.00636],
       [1.56949, 1.00633],
       [1.61503, 1.01056],
       [1.49867, 1.00593],
       [1.60954, 1.00649]]))"
"((13.270256159660054, 13.274628412787896, -0.004372253127842285), array([[1.61727, 1.00636],
       [1.56949, 1.00633],
       [1.61506, 1.01054],
       [1.49867, 1.00593],
       [1.60954, 1.00649]]))"
"((13.550991055440477, 13.558661356411518, -0.007670300971041044), array([[1.61727, 1.00636],
       [1.56575, 1.00649],
       [1.61503, 1.01056],
       [1.50854, 1.00561],
       [1.60954, 1.00649]]))"
"((13.674023968856893, 13.676454926153207, -0.002430957296313707), array([[1.61727, 1.00636],
       [1.56575, 1.00649],
       [1.61503, 1.01056],
       [1.49867, 1.00593],
       [1.60414, 1.00668]]))"
"((13.359669511998327, 13.351334839956522, 0.008334672041804936), array([[1.61727, 1.00636],
       [1.56575, 1.00649],
       [1.61503, 1.01056],
       [1.50592, 1.00552],
       [1.60954, 1.00649]]))"
"((13.556464537498735, 13.558274460092436, -0.001809922593700719), array([[1.61727, 1.00636],
       [1.56575, 1.00649],
       [1.61506, 1.01054],
       [1.50854, 1.00561],
       [1.60954, 1.00649]]))"
"((13.679522977533077, 13.67606643650094, 0.003456541032136329), array([[1.61727, 1.00636],
       [1.56575, 1.00649],
       [1.61506, 1.01054],
       [1.49867, 1.00593],
       [1.60414, 1.00668]]))"
"((13.662323516502349, 13.65334515724089, 0.008978359261458735), array([[1.61727, 1.00636],
       [1.57631, 1.00683],
       [1.59875, 1.00992],
       [1.5443 , 1.00661],
       [1.61503, 1.00604]]))"
"((12.94205222162092, 12.93856955778438, 0.0034826638365395013), array([[1.61727, 1.00636],
       [1.5443 , 1.00661],
       [1.61503, 1.01056],
       [1.48534, 1.00465],
       [1.58619, 1.00606]]))"
"((13.033939832962178, 13.041223128518123, -0.007283295555945202), array([[1.61727, 1.00636],
       [1.5443 , 1.00661],
       [1.61503, 1.01056],
       [1.53721, 1.00588],
       [1.60954, 1.00649]]))"
"((12.946690231916469, 12.938243641856241, 0.008446590060227521), array([[1.61727, 1.00636],
       [1.5443 , 1.00661],
       [1.61506, 1.01054],
       [1.48534, 1.00465],
       [1.58619, 1.00606]]))"
"((13.038978187016083, 13.0408669730648, -0.001888786048716895), array([[1.61727, 1.00636],
       [1.5443 , 1.00661],
       [1.61506, 1.01054],
       [1.53721, 1.00588],
       [1.60954, 1.00649]]))"
"((12.969789510510363, 12.977908214233828, -0.008118703723464904), array([[1.61727, 1.00636],
       [1.56101, 1.00594],
       [1.61503, 1.01056],
       [1.51982, 1.00578],
       [1.61503, 1.00604]]))"
"((12.97483558778283, 12.97755193685971, -0.0027163490768806753), array([[1.61727, 1.00636],
       [1.56101, 1.00594],
       [1.61506, 1.01054],
       [1.51982, 1.00578],
       [1.61503, 1.00604]]))"
"((13.30840028245978, 13.30570767300919, 0.0026926094505910214), array([[1.61727, 1.00636],
       [1.5204 , 1.00668],
       [1.61503, 1.01056],
       [1.58619, 1.00606],
       [1.60954, 1.00649]]))"
"((13.649073632346154, 13.657363290810833, -0.008289658464679661), array([[1.61727, 1.00636],
       [1.5204 , 1.00668],
       [1.61506, 1.01054],
       [1.50592, 1.00552],
       [1.56949, 1.00633]]))"
"((13.313719691857283, 13.305332416792854, 0.008387275064428934), array([[1.61727, 1.00636],
       [1.5204 , 1.00668],
       [1.61506, 1.01054],
       [1.58619, 1.00606],
       [1.60954, 1.00649]]))"
"((13.487936737555405, 13.492132912642894, -0.004196175087489706), array([[1.61727, 1.00636],
       [1.54457, 1.00776],
       [1.59875, 1.00992],
       [1.49867, 1.00593],
       [1.56949, 1.00633]]))"
"((13.306166201018131, 13.313850737296818, -0.007684536278686593), array([[1.61727, 1.00636],
       [1.54457, 1.00776],
       [1.59875, 1.00992],
       [1.56101, 1.00594],
       [1.60008, 1.00622]]))"
"((13.14139718488274, 13.145059478867875, -0.003662293985135179), array([[1.61727, 1.00636],
       [1.61503, 1.01056],
       [1.61506, 1.01054],
       [1.51432, 1.00532],
       [1.64792, 1.00881]]))"
"((13.025455692707274, 13.019229029254449, 0.006226663452824965), array([[1.61727, 1.00636],
       [1.59875, 1.00992],
       [1.60157, 1.00865],
       [1.49552, 1.00497],
       [1.61503, 1.00604]]))"
"((13.138928535670816, 13.14524859540534, -0.006320059734523653), array([[1.61727, 1.00636],
       [1.61506, 1.01054],
       [1.61503, 1.01056],
       [1.51432, 1.00532],
       [1.64792, 1.00881]]))"
"((13.343118268110825, 13.34183325714273, 0.0012850109680950794), array([[1.61727, 1.00636],
       [1.79609, 1.01763],
       [1.50592, 1.00552],
       [1.50854, 1.00561],
       [1.64792, 1.00881]]))"
